<atlassian-plugin key="${atlassian.plugin.key}" name="${project.name}" plugins-version="2">
    <plugin-info>
        <description>${project.description}</description>
        <version>${project.version}</version>
        <vendor name="${project.organization.name}" url="${project.organization.url}" />
        <param name="plugin-icon">images/pluginIcon.png</param>
        <param name="plugin-logo">images/pluginLogo.png</param>
    </plugin-info>

    <!-- add our i18n resource -->
    <resource type="i18n" name="i18n" location="progressoft-space"/>
    
    <!-- add our web resources -->
    <web-resource key="progressoft-space-resources" name="progressoft-space Web Resources">
        <dependency>com.atlassian.auiplugin:ajs</dependency>
        
        <resource type="download" name="progressoft-space.css" location="/css/progressoft-space.css"/>
        <resource type="download" name="progressoft-space.js" location="/js/progressoft-space.js"/>
        <resource type="download" name="images/" location="/images"/>

        <context>progressoft-space</context>
    </web-resource>
    <web-resource key="spacebp-resources" name="spacebp Web Resources">
        <transformation extension="soy">
            <transformer key="soyTransformer">
                <functions>com.atlassian.confluence.plugins.soy:soy-core-functions</functions>
            </transformer>
            <transformation extension="js">
                <transformer key="jsI18n"/>
            </transformation>
        </transformation>
         <resource type="download" name="spacebp.css" location="/css/spacebp.css"/>
        <resource type="download" name="spacebp.js" location="/js/spacebp.js"/>
        <resource type="download" name="dialog-page.js" location="/soy/dialog-page.soy"/>
        <resource type="download" name="images/" location="/images"/>
        <dependency>com.atlassian.confluence.plugins.confluence-create-content-plugin:space-blueprints</dependency>   <!-- This dependency is not required for confluence 5.4+ -->
        <context>atl.general</context>
        <context>atl.admin</context>
    </web-resource>
    <web-item key='progressoft-space-blueprint-item' i18n-name-key='confluence.blueprints.space.progressoft.name'
              section='system.create.space.dialog/content'>
        <description key='confluence.blueprints.space.progressoft.description'/>
        <param name='blueprintKey' value='progressoft-space-blueprint'/>
    </web-item>
    <space-blueprint key="progressoft-space-blueprint" i18n-name-key="confluence.blueprints.space.progressoft.name" category="ProgressSoft Default">
    <dialog-wizard key="progressoft-space-blueprint-wizard">
        <dialog-page id="ProgressoftSpaceId"
                     template-key="Confluence.SpaceBlueprints.Example.dialogForm"
                     title-key="confluence.blueprints.space.progressoft.dialog.create.title"
                     description-header-key="confluence.blueprints.space.progressoft.dialog.create.heading"
                     description-content-key="confluence.blueprints.space.progressoft.dialog.create.description"
                     last="true"/>
   		 </dialog-wizard>
	</space-blueprint>
    
</atlassian-plugin>